offset_sec,ksvc
0.000,loadtest-yolo-001
10.000,loadtest-yolo-002
20.000,loadtest-yolo-003
30.000,loadtest-yolo-004
40.000,loadtest-yolo-005
50.000,loadtest-yolo-006
60.000,loadtest-yolo-007
70.000,loadtest-yolo-008
80.000,loadtest-yolo-009
90.000,loadtest-yolo-010
100.000,loadtest-yolo-001
110.000,loadtest-yolo-002
120.000,loadtest-yolo-003
130.000,loadtest-yolo-004
140.000,loadtest-yolo-005
150.000,loadtest-yolo-006
160.000,loadtest-yolo-007
170.000,loadtest-yolo-008
180.000,loadtest-yolo-009
190.000,loadtest-yolo-010
200.000,loadtest-yolo-001
210.000,loadtest-yolo-002
220.000,loadtest-yolo-003
230.000,loadtest-yolo-004
240.000,loadtest-yolo-005
250.000,loadtest-yolo-006
260.000,loadtest-yolo-007
270.000,loadtest-yolo-008
280.000,loadtest-yolo-009
290.000,loadtest-yolo-010
