offset_sec,ksvc,path,ready_body,timeout
0.000,measure-yolo-001,,,
20.000,measure-yolo-002,,,
40.000,measure-yolo-003,,,
60.000,insignface-001,,,
80.000,insignface-002,,,
100.000,insignface-003,,,
120.000,jvm-probe-001,,,
140.000,jvm-probe-002,,,
160.000,jvm-probe-003,,,
180.000,measure-yolo-001,,,
200.000,measure-yolo-002,,,
220.000,measure-yolo-003,,,
240.000,insignface-001,,,
260.000,insignface-002,,,
280.000,insignface-003,,,
300.000,jvm-probe-001,,,
320.000,jvm-probe-002,,,
340.000,jvm-probe-003,,,
360.000,measure-yolo-001,,,
380.000,measure-yolo-002,,,
400.000,measure-yolo-003,,,
420.000,insignface-001,,,
440.000,insignface-002,,,
460.000,insignface-003,,,
480.000,jvm-probe-001,,,
500.000,jvm-probe-002,,,
520.000,jvm-probe-003,,,
540.000,measure-yolo-001,,,
560.000,measure-yolo-002,,,
580.000,measure-yolo-003,,,
